"ID","DateOfSale","SalePrice","SalePriceUnit"
15165953,"1/5/16",650000.0,"$"
80749447,"11/10/15",1.15,"$M"
15155751,"11/10/15",665000.0,"$"
15143887,"12/31/15",2.1,"$M"
15117639,"12/23/15",1.35,"$M"
124852113,"11/10/15",825000.0,"$"
15124281,"12/18/15",625000.0,"$"
80743040,"12/16/15",1.48,"$M"
15134909,"12/4/15",1.09,"$M"
15071070,"12/2/15",718000.0,"$"
15154370,"12/11/15",410000.0,"$"
15090866,"11/17/15",1.44,"$M"
2100901630,"2/4/16",1.07,"$M"
15139810,"12/18/15",1.41,"$M"
2100994004,"12/9/15",510000.0,"$"
15088159,"12/22/15",1.21,"$M"
15080609,"12/1/15",3.13,"$M"
15064391,"12/15/15",835000.0,"$"
15188066,"11/18/15",638500.0,"$"
15163807,"1/22/16",920000.0,"$"
59779633,"11/20/15",900000.0,"$"
15159610,"12/16/15",403000.0,"$"
15187751,"12/16/15",1.01,"$M"
15164877,"12/11/15",1.05,"$M"
15152307,"12/15/15",1.14,"$M"
15084143,"11/20/15",1.57,"$M"
15081147,"11/16/15",3.65,"$M"
15197844,"12/31/15",1.35,"$M"
15185909,"12/1/15",1.45,"$M"
15144522,"12/11/15",957000.0,"$"
119685912,"12/23/15",2.0,"$M"
63196600,"12/8/15",930000.0,"$"
64972688,"12/30/15",1.5,"$M"
15163518,"12/28/15",255000.0,"$"
15148570,"11/23/15",810000.0,"$"
15126767,"11/13/15",915000.0,"$"
15076978,"12/21/15",895000.0,"$"
63197063,"12/3/15",1.57,"$M"
15197241,"12/4/15",1.05,"$M"
15191204,"12/18/15",810000.0,"$"
96018886,"11/16/15",1.23,"$M"
59700145,"12/3/15",1.18,"$M"
15078460,"11/12/15",1.25,"$M"
15079836,"11/25/15",7.1,"$M"
15078940,"11/10/15",1.68,"$M"
15183908,"11/12/15",1.65,"$M"
15174828,"11/13/15",678000.0,"$"
15069883,"12/21/15",2.55,"$M"
15156203,"12/4/15",860000.0,"$"
2124214951,"1/15/16",390000.0,"$"
61325251,"1/21/16",878000.0,"$"
15068592,"12/1/15",790000.0,"$"
15196282,"12/10/15",830000.0,"$"
15068767,"12/31/15",2.49,"$M"
15092835,"11/24/15",700000.0,"$"
15156378,"12/30/15",180000.0,"$"
114314023,"12/18/15",800000.0,"$"
53153554,"12/1/15",100000.0,"$"
15161979,"12/1/15",1.95,"$M"
54854510,"11/30/15",1.16,"$M"
15133509,"11/30/15",990000.0,"$"
15114643,"12/22/15",800000.0,"$"
15147528,"12/9/15",1.55,"$M"
64971339,"11/17/15",538000.0,"$"
80751734,"12/15/15",750000.0,"$"
80745091,"2/3/16",908000.0,"$"
15157891,"12/22/15",768000.0,"$"
80747693,"12/30/15",1.35,"$M"
15172839,"12/15/15",850000.0,"$"
15066085,"11/12/15",908000.0,"$"
61288454,"11/10/15",950000.0,"$"
15143976,"12/10/15",1.49,"$M"
15116598,"12/22/15",905000.0,"$"
2100831589,"11/22/15",1.23,"$M"
15156520,"11/20/15",905000.0,"$"
15074558,"12/8/15",2.71,"$M"
15103364,"12/17/15",1.18,"$M"
83153276,"11/12/15",690000.0,"$"
15137378,"12/11/15",2.72,"$M"
15196201,"12/23/15",1.0,"$M"
15121661,"11/30/15",905000.0,"$"
64972644,"12/11/15",1.25,"$M"
69817812,"12/11/15",975000.0,"$"
69817917,"1/4/16",995000.0,"$"
2100628935,"1/12/16",995000.0,"$"
2121221385,"11/30/15",1.43,"$M"
15157264,"12/11/15",553000.0,"$"
89236772,"12/15/15",810000.0,"$"
15182794,"11/13/15",873529.0,"$"
15172689,"12/29/15",880000.0,"$"
15199248,"11/12/15",685000.0,"$"
15102806,"12/11/15",1.15,"$M"
15168186,"12/8/15",975000.0,"$"
2100695464,"11/24/15",4.5,"$M"
15149977,"12/16/15",232500.0,"$"
48188598,"12/29/15",1.18,"$M"
15180783,"12/10/15",2.29,"$M"
15186758,"11/25/15",850000.0,"$"
15123561,"12/22/15",1.01,"$M"
15093745,"12/31/15",897000.0,"$"
15137860,"12/29/15",1.1,"$M"
15065810,"11/25/15",2.25,"$M"
119685946,"12/17/15",1.3,"$M"
15094244,"12/10/15",1.48,"$M"
15151740,"11/24/15",640000.0,"$"
80755226,"11/18/15",1.25,"$M"
15124706,"12/7/15",1.05,"$M"
15175282,"11/10/15",23000.0,"$"
15114102,"12/10/15",2.88,"$M"
2099906560,"11/23/15",1.64,"$M"
15160369,"11/23/15",1.22,"$M"
79845444,"1/28/16",555000.0,"$"
2100170419,"2/4/16",1.25,"$M"
15072951,"11/25/15",1.76,"$M"
89240438,"12/16/15",2.55,"$M"
15099711,"11/12/15",1.38,"$M"
61325028,"2/7/16",885000.0,"$"
15154832,"11/13/15",375000.0,"$"
15084385,"11/25/15",1.5,"$M"
80732028,"12/23/15",760000.0,"$"
15101068,"11/25/15",1.1,"$M"
15133807,"11/25/15",1.57,"$M"
15064044,"12/11/15",1.5,"$M"
15103467,"11/11/15",1.13,"$M"
15153559,"11/17/15",780000.0,"$"
54487721,"2/7/16",825000.0,"$"
80735111,"12/17/15",2.85,"$M"
64972712,"11/20/15",860000.0,"$"
15194192,"11/27/15",800000.0,"$"
59700177,"12/22/15",353000.0,"$"
15179263,"1/14/16",920000.0,"$"
15119582,"12/24/15",1.62,"$M"
15199573,"1/29/16",1.56,"$M"
15063609,"11/12/15",5.6,"$M"
2128308939,"12/10/15",830000.0,"$"
89239642,"12/11/15",1.52,"$M"
72549972,"11/18/15",349000.0,"$"
89239155,"12/8/15",19500.0,"$"
15141807,"11/10/15",1.45,"$M"
69819845,"11/20/15",815000.0,"$"
15076294,"11/16/15",170000.0,"$"
15082795,"11/19/15",1.07,"$M"
125115962,"12/22/15",1.21,"$M"
15174292,"12/22/15",588000.0,"$"
15081334,"11/30/15",1.87,"$M"
15166222,"12/29/15",317500.0,"$"
15167071,"12/18/15",1.25,"$M"
122245120,"12/11/15",1.22,"$M"
15179953,"12/8/15",839500.0,"$"
15179361,"11/25/15",981000.0,"$"
15141477,"1/14/16",1.6,"$M"
2100992607,"1/15/16",1.55,"$M"
15064640,"1/14/16",4.05,"$M"
15184575,"12/16/15",1.26,"$M"
15072263,"11/20/15",2.5,"$M"
15183874,"12/15/15",1.1,"$M"
60825591,"1/5/16",968000.0,"$"
15198845,"12/24/15",15000.0,"$"
15077725,"1/5/16",555000.0,"$"
15111575,"12/16/15",1.5,"$M"
15094694,"12/9/15",1.24,"$M"
15106658,"12/4/15",1.48,"$M"
15085696,"11/25/15",4.5,"$M"
58532731,"11/18/15",1.7,"$M"
114318108,"12/24/15",675000.0,"$"
15159823,"11/19/15",1.08,"$M"
15118458,"11/20/15",1.03,"$M"
15187172,"11/12/15",2.1,"$M"
80734665,"12/20/15",1.48,"$M"
15103472,"12/2/15",1.04,"$M"
15104925,"11/18/15",1.29,"$M"
15077572,"11/30/15",830000.0,"$"
15161660,"11/30/15",1.52,"$M"
15153995,"12/15/15",500000.0,"$"
15183957,"11/13/15",1.68,"$M"
15104676,"12/7/15",1.14,"$M"
15102663,"12/15/15",780000.0,"$"
15168015,"12/7/15",191000.0,"$"
80750787,"11/18/15",1.12,"$M"
2100861826,"12/11/15",2.8,"$M"
15108650,"12/3/15",1.2,"$M"
15071199,"11/23/15",6.0,"$M"
79844263,"11/16/15",788000.0,"$"
52266124,"12/15/15",1.16,"$M"
15173423,"12/23/15",639000.0,"$"
15134371,"11/25/15",2.23,"$M"
15104496,"11/20/15",1.22,"$M"
15110823,"12/23/15",1.88,"$M"
15185372,"12/14/15",142000.0,"$"
2101505254,"12/3/15",1.4,"$M"
59779295,"11/16/15",1.57,"$M"
80756614,"1/21/16",925000.0,"$"
15112892,"12/2/15",1.1,"$M"
15185002,"12/21/15",1.7,"$M"
2101105851,"12/10/15",1.3,"$M"
15152040,"11/17/15",640000.0,"$"
96043590,"11/30/15",720000.0,"$"
15179059,"12/30/15",95500.0,"$"
15190222,"11/25/15",835000.0,"$"
15107313,"12/15/15",312500.0,"$"
15146014,"12/18/15",1.02,"$M"
2122992200,"11/20/15",2.75,"$M"
2101331127,"12/28/15",890000.0,"$"
15070807,"12/1/15",1.38,"$M"
15170366,"12/18/15",1.0,"$M"
15195952,"12/23/15",625000.0,"$"
15066281,"12/15/15",1.7,"$M"
15143661,"11/19/15",2.3,"$M"
15138442,"2/2/16",1.01,"$M"
2100643449,"12/27/15",1.1,"$M"
53153325,"11/24/15",2.38,"$M"
15133321,"12/1/15",2.35,"$M"
82786211,"12/8/15",900000.0,"$"
15151938,"12/15/15",2.5,"$M"
80752101,"12/11/15",1.88,"$M"
15133056,"12/30/15",760000.0,"$"
15141495,"11/13/15",1.23,"$M"
15100309,"12/18/15",1.46,"$M"
2099925746,"1/20/16",2.0,"$M"
15072997,"12/15/15",250000.0,"$"
15133658,"2/12/16",1.7,"$M"
116156565,"11/25/15",1.23,"$M"
15132481,"11/16/15",850000.0,"$"
123596761,"12/17/15",875000.0,"$"
15186904,"11/24/15",1.06,"$M"
69818990,"12/18/15",1.75,"$M"
15081067,"11/25/15",3.9,"$M"
64972881,"12/31/15",660000.0,"$"
2106229715,"1/19/16",1.24,"$M"
80741376,"11/20/15",1.12,"$M"
15079314,"12/22/15",1.55,"$M"
15120436,"11/16/15",1.41,"$M"
82785995,"11/23/15",960000.0,"$"
15159831,"12/7/15",1.71,"$M"
59779666,"11/13/15",1.5,"$M"
2099829492,"1/15/16",2.5,"$M"
15146149,"11/13/15",4.1,"$M"
53734188,"11/10/15",1.32,"$M"
15101712,"11/18/15",2.02,"$M"
15065727,"11/16/15",720000.0,"$"
15191102,"12/16/15",881500.0,"$"
15077902,"12/10/15",600000.0,"$"
15135197,"11/30/15",1.27,"$M"
15198105,"11/10/15",1.21,"$M"
61288494,"2/11/16",650000.0,"$"
15146597,"11/17/15",1.48,"$M"
116089863,"12/18/15",1.49,"$M"
15153741,"11/16/15",3000.0,"$"
15088722,"12/31/15",6.1,"$M"
15182002,"12/23/15",1.51,"$M"
15131782,"11/18/15",1.03,"$M"
15094710,"11/13/15",1.7,"$M"
15125268,"11/10/15",1.19,"$M"
15199562,"11/20/15",1.55,"$M"
2126960082,"11/20/15",860000.0,"$"
15196408,"11/25/15",1.9,"$M"
119685526,"11/24/15",825000.0,"$"
80738981,"11/16/15",3650.0,"$"
116157065,"11/18/15",1.65,"$M"
15147178,"11/10/15",2.25,"$M"
15084557,"12/31/15",259000.0,"$"
83152921,"11/16/15",1.3,"$M"
15102698,"11/24/15",1.83,"$M"
15066036,"12/31/15",2.6,"$M"
69820035,"12/14/15",1.53,"$M"
15163213,"11/25/15",1.55,"$M"
15138591,"11/10/15",1.4,"$M"
15151414,"12/17/15",1.8,"$M"
15158124,"12/4/15",600000.0,"$"
15080894,"11/25/15",16.0,"$M"
15149005,"12/23/15",1.0,"$"
15066959,"1/14/16",425000.0,"$"
82785876,"12/1/15",790000.0,"$"
15075410,"12/1/15",795000.0,"$"
119685041,"11/18/15",1.1,"$M"
53153496,"11/12/15",1.23,"$M"
80736058,"11/25/15",900000.0,"$"
15188028,"12/7/15",227500.0,"$"
15196864,"12/4/15",1.45,"$M"
15138329,"12/7/15",935000.0,"$"
59779608,"12/11/15",1.08,"$M"
96023008,"11/10/15",1.12,"$M"
15076310,"11/24/15",399000.0,"$"
15108819,"12/18/15",1.25,"$M"
15171998,"11/16/15",770000.0,"$"
15124563,"1/15/16",1.07,"$M"
116155848,"11/10/15",1.77,"$M"
15081273,"12/24/15",1.42,"$M"
15153012,"11/24/15",800000.0,"$"
2101169168,"11/10/15",3.15,"$M"
15195675,"11/20/15",765000.0,"$"
15102413,"12/17/15",1.6,"$M"
15129685,"1/24/16",3.14,"$M"
15184648,"11/30/15",1.9,"$M"
119684869,"11/20/15",680000.0,"$"
15156830,"12/8/15",765000.0,"$"
15150032,"12/4/15",1.57,"$M"
15073090,"1/20/16",4.2,"$M"
15140158,"12/22/15",1.25,"$M"
15140288,"11/30/15",900000.0,"$"
64969894,"12/3/15",1.01,"$M"
63107226,"11/20/15",515000.0,"$"
15196397,"11/16/15",1.45,"$M"
80738317,"12/4/15",1.95,"$M"
64972330,"11/30/15",300000.0,"$"
15137133,"12/30/15",1.7,"$M"
124426156,"12/17/15",220000.0,"$"
15088460,"12/31/15",850000.0,"$"
79846566,"11/10/15",1.19,"$M"
69819469,"11/12/15",645000.0,"$"
79844821,"12/30/15",1.52,"$M"
15072504,"12/8/15",13.1,"$M"
80755560,"12/17/15",1.23,"$M"
124850278,"11/10/15",985000.0,"$"
89239580,"11/23/15",1.05,"$M"
79846075,"12/23/15",1.67,"$M"
15130589,"1/21/16",1.19,"$M"
15070728,"1/6/16",2.5,"$M"
15127261,"12/11/15",1.59,"$M"
89228573,"11/17/15",665000.0,"$"
124397860,"12/8/15",995000.0,"$"
15111172,"12/15/15",1.16,"$M"
15173285,"12/16/15",50000.0,"$"
15128468,"12/10/15",1.88,"$M"
15063471,"12/4/15",710000.0,"$"
80748857,"12/14/15",820000.0,"$"
15163654,"11/24/15",1.0,"$M"
15074647,"12/3/15",2.9,"$M"
15148444,"12/21/15",650000.0,"$"
15181104,"12/22/15",1.45,"$M"
15161351,"12/18/15",1.15,"$M"
15182629,"12/30/15",675000.0,"$"
111931130,"12/3/15",1.28,"$M"
15131253,"11/19/15",1.15,"$M"
15192431,"12/1/15",580000.0,"$"
64972682,"1/3/16",1.12,"$M"
15118633,"12/23/15",968000.0,"$"
15123111,"12/30/15",1.5,"$M"
15095208,"12/3/15",1.83,"$M"
64969444,"1/21/16",980000.0,"$"
15188921,"12/14/15",850000.0,"$"
2100646549,"1/7/16",2.0,"$M"
15153517,"11/23/15",610000.0,"$"
89238700,"12/11/15",1.09,"$M"
69819769,"11/17/15",1.01,"$M"
15119410,"12/1/15",1.6,"$M"
15176924,"1/20/16",600000.0,"$"
15115459,"12/17/15",1.28,"$M"
15109011,"12/30/15",1.01,"$M"
2100695466,"12/22/15",1.75,"$M"
15078815,"12/23/15",1.77,"$M"
15081960,"11/23/15",1.0,"$M"
80735046,"12/3/15",1.27,"$M"
2101167573,"1/25/16",1.25,"$M"
15076699,"12/1/15",795000.0,"$"
2101175813,"12/13/15",835000.0,"$"
15146666,"11/12/15",1.88,"$M"
15087801,"12/1/15",1.8,"$M"
89239862,"11/24/15",635000.0,"$"
2108546010,"1/14/16",1.4,"$M"
15072510,"11/23/15",5.6,"$M"
15130377,"12/16/15",1.05,"$M"
15118743,"12/15/15",1.06,"$M"
15143292,"11/13/15",853000.0,"$"
96013386,"2/3/16",1.23,"$M"
15069628,"11/25/15",3.8,"$M"
15078434,"12/16/15",835000.0,"$"
15103435,"12/18/15",1.25,"$M"
15151012,"12/31/15",980000.0,"$"
15075278,"11/16/15",2.0,"$M"
15200088,"12/15/15",3.6,"$M"
15144135,"11/30/15",1.38,"$M"
15090454,"11/13/15",950000.0,"$"
15146876,"12/18/15",615500.0,"$"
82785952,"11/24/15",1.25,"$M"
15083161,"11/23/15",32.7,"$M"
15184501,"12/23/15",899000.0,"$"
123597388,"2/10/16",775000.0,"$"
80730989,"1/22/16",1.1,"$M"
15140632,"12/11/15",1.11,"$M"
80744434,"12/15/15",980000.0,"$"
15152389,"12/11/15",680000.0,"$"
35972021,"12/29/15",1.0,"$M"
124857832,"11/16/15",1.45,"$M"
2099929310,"1/20/16",321634.0,"$"
15065946,"11/30/15",1.29,"$M"
15144527,"12/11/15",957000.0,"$"
15077602,"12/18/15",810000.0,"$"
15163177,"12/10/15",999000.0,"$"
59718417,"12/2/15",2.38,"$M"
111711144,"12/10/15",1.45,"$M"
125089501,"12/14/15",500.0,"$"
15078423,"11/10/15",1.15,"$M"
15143034,"12/28/15",1.65,"$M"
15126467,"12/15/15",1.11,"$M"
15097709,"11/25/15",1.12,"$M"
15179745,"11/20/15",828000.0,"$"
15080315,"12/18/15",3.0,"$M"
67395015,"12/21/15",542000.0,"$"
52422775,"12/23/15",1.1,"$M"
15144087,"12/10/15",4.8,"$M"
15070544,"12/1/15",9.71,"$M"
15180812,"11/16/15",860000.0,"$"
64972890,"11/20/15",488000.0,"$"
15150570,"12/4/15",1.27,"$M"
15188851,"11/25/15",800000.0,"$"
63197592,"12/7/15",1.1,"$M"
15065140,"1/28/16",976000.0,"$"
15108109,"12/30/15",655000.0,"$"
15139677,"12/8/15",396500.0,"$"
59779481,"12/11/15",1.56,"$M"
63197016,"12/10/15",1.23,"$M"
15092620,"12/10/15",1.7,"$M"
15131869,"12/1/15",2.77,"$M"
15129033,"12/30/15",1.67,"$M"
64972695,"1/7/16",1.57,"$M"
15149594,"12/22/15",2.9,"$M"
15195183,"12/30/15",400000.0,"$"
80732173,"12/17/15",875000.0,"$"
64972578,"12/15/15",1.03,"$M"
114317753,"11/20/15",2.4,"$M"
64971431,"12/4/15",1.82,"$M"
15098770,"12/22/15",600000.0,"$"
15152280,"12/1/15",875000.0,"$"
2101807538,"12/2/15",2.9,"$M"
15111533,"12/2/15",1.65,"$M"
15133303,"12/24/15",184000.0,"$"
15068514,"12/18/15",665000.0,"$"
63196937,"11/30/15",1.41,"$M"
15161653,"12/2/15",875000.0,"$"
69819664,"11/16/15",1.48,"$M"
15129565,"12/23/15",2.1,"$M"
123174799,"11/25/15",770000.0,"$"
15161389,"12/16/15",900000.0,"$"
121337574,"12/4/15",1.0,"$M"
2101153805,"12/2/15",1.15,"$M"
15082200,"12/9/15",738000.0,"$"
15192331,"12/11/15",700000.0,"$"
15198984,"12/18/15",900000.0,"$"
59779827,"12/3/15",750000.0,"$"
15078953,"11/25/15",1.7,"$M"
15124103,"11/20/15",1.02,"$M"
15195766,"12/4/15",375000.0,"$"
15186444,"11/23/15",1.61,"$M"
15183460,"12/11/15",1.06,"$M"
2100651320,"1/5/16",1.21,"$M"
15080238,"12/4/15",5.15,"$M"
15073657,"11/20/15",975000.0,"$"
15105664,"2/8/16",1.6,"$M"
15200386,"12/22/15",1.08,"$M"
54854511,"12/3/15",1.21,"$M"
15101998,"11/24/15",1.5,"$M"
53153575,"11/16/15",1.25,"$M"
64971338,"11/17/15",2.1,"$M"
15078536,"12/15/15",1.5,"$M"
2099901370,"1/15/16",1.2,"$M"
61288416,"12/1/15",335100.0,"$"
64971857,"12/18/15",1.21,"$M"
82816304,"11/25/15",1.25,"$M"
64969840,"12/11/15",906667.0,"$"
15149547,"2/10/16",2.3,"$M"
15139841,"12/29/15",1.54,"$M"
15160509,"12/15/15",1.59,"$M"
80746693,"11/25/15",1.73,"$M"
15067896,"12/15/15",1.68,"$M"
15072128,"12/18/15",1.28,"$M"
15162350,"12/2/15",1.43,"$M"
15069477,"12/18/15",485000.0,"$"
15094520,"12/15/15",785500.0,"$"
116157280,"1/24/16",1.37,"$M"
15092455,"12/8/15",1.83,"$M"
15109410,"12/22/15",851000.0,"$"
54854296,"11/25/15",1.25,"$M"
69820026,"12/18/15",890000.0,"$"
15188382,"12/30/15",1.05,"$M"
80735775,"12/16/15",2.17,"$M"
15147481,"12/11/15",650000.0,"$"
15071286,"12/7/15",1.15,"$M"
15193738,"11/16/15",700000.0,"$"
52932794,"12/14/15",500.0,"$"
15142024,"1/12/16",1.25,"$M"
15165568,"12/3/15",1.04,"$M"
15148222,"12/29/15",525000.0,"$"
69819930,"12/29/15",2.72,"$M"
15150841,"1/4/16",1.42,"$M"
15154660,"11/25/15",525000.0,"$"
15095966,"12/15/15",925000.0,"$"
15129224,"11/20/15",2.4,"$M"
15077403,"12/23/15",958000.0,"$"
15111559,"12/2/15",1.0,"$M"
15154657,"2/4/16",850000.0,"$"
15141355,"11/24/15",1.15,"$M"
15133668,"12/9/15",1.25,"$M"
64969458,"12/1/15",1.6,"$M"
15123597,"11/30/15",1.18,"$M"
15135625,"12/16/15",2.0,"$M"
15064669,"12/31/15",2.19,"$M"
53734143,"12/4/15",1.99,"$M"
15173186,"11/17/15",934000.0,"$"
15068039,"12/3/15",3.8,"$M"
79846985,"11/16/15",788000.0,"$"
15100990,"1/21/16",1.15,"$M"
15067755,"1/10/16",695000.0,"$"
15068580,"12/29/15",738000.0,"$"
15137757,"11/18/15",1.3,"$M"
15142782,"11/20/15",2.9,"$M"
15131186,"12/9/15",1.3,"$M"
79843912,"12/14/15",1.28,"$M"
2100786271,"12/1/15",680000.0,"$"
15064295,"12/17/15",940000.0,"$"
15103602,"12/8/15",1.08,"$M"
80730869,"11/10/15",750000.0,"$"
15147343,"12/17/15",875000.0,"$"
15177425,"11/10/15",830000.0,"$"
79846666,"12/16/15",1.18,"$M"
15195552,"12/16/15",635000.0,"$"
89240293,"12/23/15",949000.0,"$"
15166257,"12/4/15",900500.0,"$"
15084949,"11/16/15",1.77,"$M"
15145308,"11/25/15",2.07,"$M"
15069276,"11/15/15",1.2,"$M"
15178142,"12/2/15",890000.0,"$"
15170822,"12/30/15",950000.0,"$"
15095382,"12/16/15",1.25,"$M"
15075139,"12/11/15",5.05,"$M"
15085630,"12/30/15",1.8,"$M"
15064257,"1/15/16",970000.0,"$"
82786028,"12/22/15",1.34,"$M"
69817953,"12/21/15",769000.0,"$"
15151520,"11/30/15",2.0,"$M"
2100850402,"12/29/15",1.8,"$M"
15179502,"12/4/15",815000.0,"$"
15165922,"1/25/16",910000.0,"$"
2101116542,"1/14/16",1.7,"$M"
15147990,"11/25/15",765000.0,"$"
80737517,"11/25/15",850000.0,"$"
15140890,"1/3/16",1.65,"$M"
83154048,"12/4/15",895000.0,"$"
89237920,"12/22/15",10500.0,"$"
15123671,"12/1/15",650000.0,"$"
15137743,"12/2/15",1.31,"$M"
15093664,"11/20/15",1.75,"$M"
15147628,"12/29/15",778000.0,"$"
15164199,"12/31/15",870000.0,"$"
15144348,"11/24/15",1.6,"$M"
15134099,"11/20/15",1.51,"$M"
15070227,"1/18/16",3.08,"$M"
69817944,"12/22/15",769000.0,"$"
15170571,"11/20/15",855000.0,"$"
15198208,"12/28/15",928000.0,"$"
89237721,"12/1/15",2.2,"$M"
15193805,"1/8/16",750000.0,"$"
53734310,"11/19/15",775000.0,"$"
15195765,"12/3/15",375000.0,"$"
67394607,"12/7/15",875000.0,"$"
69817329,"11/13/15",1.15,"$M"
79841626,"12/8/15",800000.0,"$"
15186111,"12/4/15",728000.0,"$"
15154183,"12/23/15",655000.0,"$"
15125990,"12/9/15",985000.0,"$"
111711124,"11/17/15",1.38,"$M"
15168424,"11/12/15",970000.0,"$"
15145020,"12/16/15",4.8,"$M"
15163952,"12/8/15",725000.0,"$"
111711143,"12/10/15",1.34,"$M"
124852223,"11/12/15",288000.0,"$"
2099929240,"1/20/16",550000.0,"$"
15079269,"12/2/15",1.23,"$M"
15086964,"1/8/16",1.5,"$M"
15177658,"12/23/15",541100.0,"$"
15145355,"11/17/15",2.65,"$M"
15105121,"11/25/15",900000.0,"$"
15139435,"12/24/15",850000.0,"$"
115828655,"12/15/15",1.0,"$M"
80742238,"12/29/15",1.1,"$M"
15168244,"12/7/15",950000.0,"$"
79841585,"11/20/15",1.1,"$M"
15162353,"11/24/15",1.3,"$M"
15114562,"12/23/15",1.4,"$M"
15178871,"11/17/15",738000.0,"$"
15148102,"12/9/15",620000.0,"$"
15182315,"12/23/15",1.4,"$M"
15112775,"12/8/15",76000.0,"$"
15153857,"1/4/16",610000.0,"$"
15079279,"12/9/15",2.7,"$M"
96048518,"12/9/15",1.3,"$M"
2101156735,"1/5/16",1.14,"$M"
15166601,"12/7/15",710000.0,"$"
15191082,"12/4/15",901000.0,"$"
15108727,"12/24/15",1.05,"$M"
15142776,"12/17/15",1.3,"$M"
15180778,"11/10/15",1.38,"$M"
123174904,"12/18/15",1.45,"$M"
2100784055,"12/31/15",2500.0,"$"
15111486,"12/18/15",760000.0,"$"
15066201,"11/16/15",1.21,"$M"
15096577,"1/5/16",945000.0,"$"
15130980,"12/1/15",1.8,"$M"
15189406,"12/24/15",821500.0,"$"
15147936,"12/31/15",800000.0,"$"
15176538,"12/10/15",1.1,"$M"
15137033,"12/16/15",1.08,"$M"
89239837,"11/17/15",1.48,"$M"
19333808,"11/25/15",995000.0,"$"
15078866,"11/10/15",375000.0,"$"
15107837,"12/14/15",925000.0,"$"
15138245,"11/10/15",2.05,"$M"
15151407,"11/18/15",850000.0,"$"
80738064,"12/3/15",750000.0,"$"
15082108,"12/22/15",1.85,"$M"
15094548,"11/25/15",1.45,"$M"
2108411930,"12/29/15",1.73,"$M"
15081395,"12/22/15",825000.0,"$"
15068857,"12/7/15",535000.0,"$"
15080826,"11/25/15",17.1,"$M"
15142858,"12/23/15",1.7,"$M"
15143562,"12/24/15",1.32,"$M"
15153811,"11/23/15",650000.0,"$"
15181250,"12/1/15",4.1,"$M"
15140802,"12/17/15",918000.0,"$"
2101094207,"11/29/15",970000.0,"$"
15120387,"12/9/15",1.1,"$M"
89238407,"11/25/15",1.27,"$M"
80732939,"11/16/15",875000.0,"$"
15148821,"12/10/15",1.04,"$M"
89238425,"12/17/15",945000.0,"$"
15095745,"11/25/15",1.58,"$M"
111710714,"12/2/15",798000.0,"$"
89239815,"11/16/15",1.25,"$M"
82785479,"11/20/15",495000.0,"$"
15077705,"12/1/15",825000.0,"$"
59779139,"12/7/15",1.9,"$M"
15131271,"11/23/15",1.2,"$M"
15075714,"12/22/15",1.35,"$M"
15190928,"11/10/15",718000.0,"$"
15200392,"11/16/15",1.45,"$M"
123597964,"12/7/15",675000.0,"$"
2100831588,"11/19/15",1.16,"$M"
119685072,"11/12/15",478000.0,"$"
63197354,"12/17/15",2.8,"$M"
15086718,"12/3/15",1.05,"$M"
83154302,"11/20/15",325000.0,"$"
15063505,"11/30/15",2.15,"$M"
119584658,"12/29/15",1.26,"$M"
15176077,"11/18/15",570000.0,"$"
15188349,"12/30/15",860000.0,"$"
15133540,"12/2/15",691000.0,"$"
15185003,"12/10/15",2.15,"$M"
15149454,"11/25/15",1.8,"$M"
15097633,"12/1/15",955000.0,"$"
15150325,"12/11/15",1.58,"$M"
69819412,"12/1/15",759000.0,"$"
125088462,"12/17/15",490000.0,"$"
15188390,"12/4/15",925000.0,"$"
15157040,"11/13/15",705000.0,"$"
89240297,"11/20/15",1.2,"$M"
15196060,"11/25/15",700000.0,"$"
15151054,"12/4/15",3.8,"$M"
15134464,"11/20/15",1.01,"$M"
15144738,"12/14/15",95100.0,"$"
15171058,"12/17/15",760000.0,"$"
89240348,"12/23/15",2.75,"$M"
15153617,"2/11/16",430000.0,"$"
64972340,"12/15/15",1.34,"$M"
15093075,"12/17/15",998500.0,"$"
2136213970,"1/10/16",825000.0,"$"
15180236,"11/10/15",5.7,"$M"
80749465,"11/16/15",950000.0,"$"
80741391,"12/31/15",5700.0,"$"
15149093,"12/10/15",1.77,"$M"
15091143,"11/19/15",1.62,"$M"
15172663,"12/7/15",980000.0,"$"
89239433,"1/10/16",1.31,"$M"
2102385068,"12/1/15",1.8,"$M"
82785286,"12/30/15",978000.0,"$"
15107396,"12/9/15",1.35,"$M"
15153753,"1/11/16",875000.0,"$"
15087654,"12/17/15",1.77,"$M"
15145720,"11/23/15",2.67,"$M"
15099387,"12/14/15",5995.0,"$"
15173656,"12/18/15",642000.0,"$"
15125727,"12/30/15",1.6,"$M"
15148902,"12/22/15",1.75,"$M"
89240616,"11/16/15",1.43,"$M"
15084954,"11/24/15",1.1,"$M"
15089098,"11/17/15",4.97,"$M"
15071224,"12/7/15",1.35,"$M"
15193859,"11/12/15",659000.0,"$"
15127090,"11/20/15",1.7,"$M"
2100835351,"12/8/15",1.6,"$M"
15139010,"12/23/15",1.8,"$M"
15122750,"11/25/15",1.02,"$M"
15101817,"12/31/15",1.16,"$M"
15192245,"11/25/15",750000.0,"$"
15131992,"12/22/15",955000.0,"$"
59700133,"12/17/15",1.57,"$M"
69819637,"2/8/16",800000.0,"$"
15116499,"11/30/15",1.0,"$M"
15111963,"12/10/15",1.58,"$M"
122063937,"11/13/15",1.28,"$M"
15136476,"12/23/15",1.36,"$M"
15156770,"12/17/15",220000.0,"$"
53734200,"12/10/15",1.51,"$M"
15200247,"11/10/15",2.35,"$M"
69819284,"11/18/15",1.95,"$M"
15157943,"11/16/15",868000.0,"$"
15095541,"12/31/15",2.27,"$M"
15096544,"12/14/15",535000.0,"$"
15092065,"1/21/16",1.04,"$M"
15106778,"12/17/15",1.1,"$M"
15164191,"11/17/15",1.05,"$M"
15102704,"11/13/15",1.67,"$M"
15136211,"11/18/15",1.23,"$M"
15199299,"1/7/16",530000.0,"$"
64972342,"11/20/15",1.08,"$M"
82785630,"11/20/15",1.2,"$M"
89238065,"11/20/15",1.05,"$M"
2114498518,"1/26/16",757500.0,"$"
116157304,"12/17/15",1.81,"$M"
15183723,"11/10/15",2.26,"$M"
15077111,"1/29/16",650000.0,"$"
80742310,"12/31/15",1.05,"$M"
55004355,"12/10/15",1.18,"$M"
125156575,"12/30/15",1.8,"$M"
89236856,"12/18/15",1.27,"$M"
15111695,"12/10/15",1.26,"$M"
63197318,"11/18/15",1.42,"$M"
121336978,"11/19/15",1.67,"$M"
15079585,"12/22/15",1.12,"$M"
15130492,"12/16/15",647500.0,"$"
15154015,"12/17/15",755000.0,"$"
2099928615,"12/7/15",1.75,"$M"
15071577,"12/2/15",3.0,"$M"
15147285,"12/18/15",1.88,"$M"
2100831587,"12/3/15",1.21,"$M"
2131957929,"12/15/15",835000.0,"$"
15200513,"12/15/15",1.08,"$M"
15120641,"11/13/15",1.19,"$M"
15164106,"11/12/15",1.32,"$M"
15159837,"12/1/15",970000.0,"$"
35972022,"12/29/15",1.0,"$M"
15125969,"12/15/15",1.18,"$M"
15070255,"12/23/15",3.02,"$M"
15081736,"12/2/15",3.8,"$M"
15067302,"11/13/15",1.95,"$M"
15107765,"12/29/15",994000.0,"$"
15192647,"12/23/15",756000.0,"$"
15096806,"11/10/15",1.23,"$M"
15186139,"12/16/15",1.28,"$M"
2100902229,"12/3/15",915000.0,"$"
15187023,"11/23/15",1.7,"$M"
15169434,"12/9/15",520000.0,"$"
15068551,"12/15/15",900000.0,"$"
15191017,"11/13/15",890000.0,"$"
15081160,"12/14/15",4.0,"$M"
15088769,"11/25/15",11.6,"$M"
15137303,"11/30/15",1.75,"$M"
15110595,"11/23/15",1.33,"$M"
15067890,"12/4/15",1.41,"$M"
15129888,"11/12/15",1.95,"$M"
63197193,"12/30/15",875000.0,"$"
15072153,"11/24/15",2.3,"$M"
2102906272,"12/14/15",5800.0,"$"
111930969,"11/18/15",1.23,"$M"
119685045,"12/11/15",1.65,"$M"
15071012,"11/30/15",885000.0,"$"
119685425,"11/12/15",615000.0,"$"
2101147349,"11/26/15",785000.0,"$"
15196651,"12/31/15",1.17,"$M"
15178123,"12/16/15",950000.0,"$"
15159949,"11/30/15",850000.0,"$"
15178217,"12/15/15",600000.0,"$"
15074158,"12/16/15",665000.0,"$"
15149654,"12/11/15",1.32,"$M"
15146224,"12/18/15",2.5,"$M"
115828679,"12/16/15",1.43,"$M"
15135411,"11/20/15",1.3,"$M"
15155000,"1/14/16",740000.0,"$"
79843553,"2/4/16",1.35,"$M"
15113076,"12/22/15",1.23,"$M"
15199286,"12/30/15",670000.0,"$"
15180636,"11/25/15",1.68,"$M"
15157208,"12/18/15",400000.0,"$"
15151294,"11/17/15",562500.0,"$"
111926288,"11/13/15",1.53,"$M"
15132921,"12/3/15",2.15,"$M"
111934546,"12/2/15",1.05,"$M"
58883369,"11/24/15",1.24,"$M"
15108913,"1/4/16",1.43,"$M"
94976253,"12/30/15",112500.0,"$"
15131525,"11/10/15",3.15,"$M"
15066608,"12/16/15",875000.0,"$"
69817957,"12/22/15",769000.0,"$"
15150777,"12/17/15",2.16,"$M"
15136326,"12/10/15",1.1,"$M"
15104379,"11/20/15",892000.0,"$"
15154997,"11/18/15",575000.0,"$"
15089097,"12/23/15",4.3,"$M"
15174728,"12/18/15",242500.0,"$"
59700333,"12/11/15",1.08,"$M"
63153965,"12/1/15",995000.0,"$"
15197823,"12/1/15",675000.0,"$"
15195039,"12/24/15",906667.0,"$"
15107784,"11/13/15",1.28,"$M"
2100830039,"2/9/16",1.29,"$M"
124891624,"12/4/15",915000.0,"$"
123597223,"11/24/15",1.1,"$M"
15165652,"12/22/15",467000.0,"$"
80747397,"12/10/15",1.19,"$M"
15112556,"1/14/16",1.0,"$M"
15148755,"11/20/15",905000.0,"$"
64969822,"12/4/15",895000.0,"$"
15182023,"12/23/15",2.6,"$M"
15134804,"11/20/15",1.12,"$M"
15101927,"1/4/16",1.85,"$M"
89239104,"12/4/15",2.3,"$M"
89238591,"12/2/15",840000.0,"$"
59700180,"12/11/15",1.86,"$M"
15190654,"11/24/15",780000.0,"$"
15194725,"11/20/15",720000.0,"$"
15161805,"11/17/15",1.1,"$M"
15127373,"12/18/15",1.52,"$M"
15195221,"12/30/15",750000.0,"$"
15066344,"12/10/15",1.28,"$M"
15097178,"12/1/15",1.81,"$M"
15148103,"12/9/15",303000.0,"$"
123598014,"12/10/15",949500.0,"$"
15181449,"11/30/15",1.73,"$M"
15100149,"11/20/15",1.05,"$M"
15136743,"12/15/15",2.7,"$M"
61288341,"12/4/15",1.18,"$M"
15104164,"12/18/15",1.3,"$M"
15159016,"12/17/15",197000.0,"$"
89236680,"2/2/16",850000.0,"$"
59700193,"12/10/15",1.21,"$M"
15124603,"1/5/16",1.16,"$M"
15191699,"12/7/15",750000.0,"$"
64969930,"11/12/15",1.2,"$M"
15163205,"12/2/15",1.8,"$M"
15087641,"12/15/15",2.55,"$M"
15138251,"11/17/15",1.8,"$M"
89238087,"11/20/15",481000.0,"$"
15162638,"11/24/15",975000.0,"$"
15182773,"11/18/15",4.35,"$M"
15189028,"1/11/16",720000.0,"$"
15103440,"11/10/15",1.13,"$M"
15090770,"12/4/15",1.2,"$M"
15150214,"12/3/15",550000.0,"$"
15199947,"11/23/15",2.38,"$M"
15159894,"12/8/15",1.32,"$M"
61325365,"12/1/15",890000.0,"$"
15093645,"12/18/15",1.47,"$M"
89237930,"12/8/15",972000.0,"$"
119684777,"12/17/15",1.95,"$M"
15065032,"12/7/15",800000.0,"$"
15125578,"12/3/15",1.5,"$M"
15079164,"12/15/15",1.9,"$M"
15107430,"12/4/15",675000.0,"$"
2101588805,"11/19/15",750000.0,"$"
67394898,"11/20/15",510000.0,"$"
15182288,"12/23/15",2.25,"$M"
80746381,"12/28/15",1.2,"$M"
72547405,"1/19/16",260000.0,"$"
15178486,"11/30/15",920000.0,"$"
2099906047,"1/23/16",1.23,"$M"
15173647,"12/8/15",600000.0,"$"
124865970,"11/16/15",24.9,"$M"
15137489,"12/17/15",2.51,"$M"
15076450,"11/19/15",690000.0,"$"
61325240,"12/2/15",1.23,"$M"
15076711,"12/11/15",975000.0,"$"
15124521,"1/28/16",1.32,"$M"
2121978635,"12/6/15",675000.0,"$"
15093047,"1/12/16",665000.0,"$"
124862135,"11/24/15",684500.0,"$"
15167958,"12/8/15",647500.0,"$"
2099751356,"2/5/16",655500.0,"$"
15158905,"1/3/16",660000.0,"$"
15181209,"11/24/15",3.1,"$M"
71713698,"12/4/15",1.2,"$M"
15157054,"12/31/15",640000.0,"$"
15121139,"12/16/15",1.2,"$M"
69820025,"12/18/15",890000.0,"$"
89237493,"12/31/15",1.01,"$M"
15143913,"11/30/15",397000.0,"$"
15135298,"1/6/16",1.6,"$M"
59700239,"12/18/15",888000.0,"$"
15093237,"12/24/15",740000.0,"$"
2099976986,"1/21/16",2.19,"$M"
15132690,"11/17/15",1.19,"$M"
15102829,"1/4/16",1.66,"$M"
15185004,"11/20/15",1.15,"$M"
15140244,"11/20/15",975000.0,"$"
15117892,"12/18/15",1.44,"$M"
80731986,"11/20/15",800000.0,"$"
15078419,"12/4/15",810000.0,"$"
67394883,"11/17/15",1.15,"$M"
15199271,"12/9/15",605000.0,"$"
119685789,"11/30/15",1.44,"$M"
79841177,"12/4/15",1.09,"$M"
15150465,"11/25/15",1.75,"$M"
15130317,"12/22/15",2.4,"$M"
15197869,"12/29/15",1.4,"$M"
15096484,"12/16/15",912000.0,"$"
15186967,"12/16/15",1.42,"$M"
125090873,"12/17/15",1.18,"$M"
15093965,"12/23/15",310000.0,"$"
15141526,"11/23/15",1.59,"$M"
15145732,"11/13/15",4.1,"$M"
15127442,"1/22/16",2.4,"$M"
15085726,"1/21/16",822000.0,"$"
61288364,"11/25/15",1.0,"$M"
72554809,"1/8/16",230000.0,"$"
15066839,"12/1/15",300000.0,"$"
15191721,"1/22/16",775000.0,"$"
15200453,"11/18/15",1.22,"$M"
15128931,"11/12/15",16500.0,"$"
119685188,"11/12/15",950000.0,"$"
15159044,"11/19/15",860000.0,"$"
64972332,"11/30/15",400000.0,"$"
15143800,"12/8/15",1.18,"$M"
15067583,"12/18/15",775000.0,"$"
15103550,"12/18/15",1.24,"$M"
15074306,"12/21/15",1.15,"$M"
15066001,"11/18/15",2.9,"$M"
15158058,"12/4/15",750000.0,"$"
15131740,"12/4/15",2.1,"$M"
111932542,"12/1/15",1.23,"$M"
15192957,"1/11/16",800000.0,"$"
15137936,"11/18/15",1.42,"$M"
80750153,"12/3/15",801000.0,"$"
15067604,"12/2/15",705000.0,"$"
15185668,"11/23/15",1.06,"$M"
15070235,"12/7/15",3.33,"$M"
15163943,"12/3/15",950000.0,"$"
80731709,"12/18/15",969000.0,"$"
15168004,"12/21/15",950000.0,"$"
2100682649,"12/1/15",450000.0,"$"
15180820,"12/14/15",1.05,"$M"
122246414,"12/24/15",1.55,"$M"
15156278,"12/17/15",680000.0,"$"
15146704,"11/25/15",1.8,"$M"
15076120,"12/4/15",1.31,"$M"
15177121,"12/4/15",795000.0,"$"
15156497,"1/12/16",935000.0,"$"
15195679,"12/11/15",486000.0,"$"
15152257,"12/21/15",1.21,"$M"
15194972,"12/9/15",720000.0,"$"
15199198,"11/25/15",599000.0,"$"
64969751,"11/13/15",1.35,"$M"
15124522,"12/4/15",1.67,"$M"
15107419,"11/19/15",1.62,"$M"
15134585,"12/1/15",920000.0,"$"
117672217,"12/2/15",1.05,"$M"
15167131,"11/20/15",975000.0,"$"
15134204,"11/20/15",2.38,"$M"
15173965,"11/13/15",810000.0,"$"
82785514,"11/13/15",2.1,"$M"
15134945,"12/18/15",1.75,"$M"
15064536,"12/4/15",2.83,"$M"
15147378,"12/31/15",550000.0,"$"
15090783,"11/25/15",1.5,"$M"
15077929,"12/4/15",825000.0,"$"
89240177,"11/24/15",1.15,"$M"
15160348,"12/18/15",1.02,"$M"
15165309,"12/18/15",720000.0,"$"
67394949,"12/10/15",1.08,"$M"
15108159,"12/30/15",750000.0,"$"
15184555,"12/24/15",1.9,"$M"
15181090,"12/14/15",1.5,"$M"
15147987,"12/14/15",750000.0,"$"
124397844,"12/14/15",1.32,"$M"
21698704,"2/2/16",1.48,"$M"
15162879,"12/30/15",2.08,"$M"
15120712,"12/11/15",981500.0,"$"
119685556,"12/23/15",585000.0,"$"
15158253,"12/21/15",700000.0,"$"
122063856,"12/23/15",3.19,"$M"
15141568,"12/10/15",1.95,"$M"
15121430,"12/31/15",1.1,"$M"
15127170,"12/11/15",1.86,"$M"
15100665,"1/20/16",750000.0,"$"
15128696,"12/22/15",1.24,"$M"
15147213,"12/23/15",2.5,"$M"
15166004,"12/31/15",700000.0,"$"
67394276,"11/24/15",699000.0,"$"
15184744,"12/4/15",1.13,"$M"
2101028916,"12/17/15",2.45,"$M"
15087483,"12/24/15",725000.0,"$"
15091950,"11/18/15",1.75,"$M"
2100791455,"12/13/15",750000.0,"$"
89237766,"12/1/15",1.16,"$M"
15197693,"12/22/15",1.36,"$M"
61325457,"12/11/15",700000.0,"$"
119685503,"11/30/15",750000.0,"$"
69819708,"12/15/15",731000.0,"$"
15076156,"11/12/15",5.53,"$M"
119685619,"12/21/15",625000.0,"$"
15113584,"12/21/15",895000.0,"$"
15068874,"12/24/15",650000.0,"$"
